{
  "_Comment": {
    "SpawnRate": "Spawn rate",
    "IsEnabled": "False \u003d Disabled, true \u003d Enabled",
    "WorldCooldown": "Cooldown if cow milked in world (not in stall, like mechanisms)",
    "StallCooldown": "Cooldown if cow milked from Stall",
    "BreedingChance": "Chance of breeding to succeed",
    "BreedingCooldown": "How many ticks it takes before the cow can breed again",
    "GrowingAge": "How many ticks it takes for the baby cow to grow up",
    "Parent First": "First parent to fluid (empty is disable) example usage: \"lava\" \"water\"",
    "Parent Second": "Second parent to fluid (empty is disable) example usage: \"lava\" \"water\"",
    "Tip#1": "Cow rewards? Yes! Set enable to true, rate to zero, remove parents and make recipe with CraftTweaker!",
    "Tip#2": "Only breeding cow? Yes! Set enable to true, rate to zero and add parents!"
  },
  "_Comment Client": {
    "HideFluidLayerCow": "Disable fluid render layer cow in stall"
  },
  "Client": {
    "HideFluidLayerCow": false
  },
  "_Comment General": {
    "BreedingItemWork": "If true u can use the breeding item to get lower baby growing age",
    "ProjectETickRemove": "If true - \"Watch of Flowing Time\" not work on Cow Stall. From mod \"ProjectE\"",
    "NotEnoughtWandsTickRemove": "If true - \"Acceleration Wand\" not work on Cow Stall. From mod \"Not Enough Wand\"",
    "TorcherinoTickRemove": "If true - all types \"Torcherino\" not work on Cow Stall. From mod \"Torcherino\"",
    "randomthingsTickRemove": "If true - \"Time in a bottle\" not work on Cow Stall. From mod \"Random Things\"",
    "DisableBreedingItemForMachines": "Disables get breeding item via machines",
    "FluidCowsSpawnWeight": "Fluid cows spawn weight",
    "FluidCowsSpawnMin": "Fluid cows spawn min",
    "FluidCowsSpawnMax": "Fluid cows spawn max",
    "FluidCowsSpawnBlackListBiomes": "Fluid cows spawn black list biomes (modid:name)",
    "AcceleratorMaxSubstance": "Accelerator max substance per one wheat",
    "AcceleratorRadius": "Accelerator working radius",
    "AcceleratorSubstancePerCow": "Accelerator one substance per one cow",
    "AcceleratorMultiplier": "Accelerator speed up multiplier",
    "AcceleratorWaterPerConvert": "Accelerator water per one substance convert",
    "BlackListDimIds": "In what dim Id cow not spawn",
    "EnableConvertCowToDisplayer": "If true u can convert cow into displayer via halter",
    "BlackListCowToDisplayer": "Black list for \u0027cow to displayer\u0027 convert",
    "FeederBlackList": "Black list for \u0027what cows cant feed with Feeder\u0027",
    "EIOBlackListSpawning": "EIO Powered Spawner cant spawn any cow",
    "EIOBlackListSoulVial": "EIO Soul Vial cant store any cow",
    "EIONeedsCloning": "EIO Powered Spawner cloning cow every time (prevents spawn random cows from spawner)",
    "EIOEntityCostMultiplier": "EIO Powered Spawner need multiplier energy cost to spawn cow"
  },
  "General": {
    "BreedingItemWork": false,
    "ProjectETickRemove": false,
    "NotEnoughtWandsTickRemove": false,
    "TorcherinoTickRemove": false,
    "randomthingsTickRemove": false,
    "DisableBreedingItemForMachines": false,
    "FluidCowsSpawnWeight": 8,
    "FluidCowsSpawnMin": 4,
    "FluidCowsSpawnMax": 4,
    "FluidCowsSpawnBlackListBiomes": [
      "modid:name1",
      "modid:name2"
    ],
    "AcceleratorMaxSubstance": 6,
    "AcceleratorRadius": 5,
    "AcceleratorSubstancePerCow": 1,
    "AcceleratorMultiplier": 5,
    "AcceleratorWaterPerConvert": 10,
    "BlackListDimIds": [],
    "EnableConvertCowToDisplayer": true,
    "BlackListCowToDisplayer": [],
    "FeederBlackList": [],
    "EIOBlackListSpawning": false,
    "EIOBlackListSoulVial": false,
    "EIONeedsCloning": true,
    "EIOEntityCostMultiplier": 0
  },
  "sand": {
    "SpawnRate": 100,
    "IsEnabled": true,
    "WorldCooldown": 4000,
    "StallCooldown": 4000,
    "BreedingChance": 50,
    "BreedingCooldown": 6000,
    "GrowingAge": -24000,
    "Parent First": "",
    "Parent Second": ""
  },
  "iron": {
    "SpawnRate": 0,
    "IsEnabled": true,
    "WorldCooldown": 6000,
    "StallCooldown": 6000,
    "BreedingChance": 30,
    "BreedingCooldown": 6000,
    "GrowingAge": -24000,
    "Parent First": "clay",
    "Parent Second": "lava"
  },
  "xu_enchanted_metal": {
    "SpawnRate": 0,
    "IsEnabled": true,
    "WorldCooldown": 7000,
    "StallCooldown": 7000,
    "BreedingChance": 20,
    "Parent First": "gold",
    "Parent Second": "xpjuice",
    "BreedingCooldown": 6000,
    "GrowingAge": -24000
  },
  "obsidian": {
    "SpawnRate": 0,
    "IsEnabled": true,
    "WorldCooldown": 6000,
    "StallCooldown": 6000,
    "BreedingChance": 30,
    "BreedingCooldown": 6000,
    "GrowingAge": -24000,
    "Parent First": "water",
    "Parent Second": "lava"
  },
  "amber": {
    "SpawnRate": 0,
    "IsEnabled": true,
    "WorldCooldown": 7000,
    "StallCooldown": 7000,
    "BreedingChance": 20,
    "BreedingCooldown": 6000,
    "GrowingAge": -24000,
    "Parent First": "intermedium",
    "Parent Second": "iron"
  },
  "poison": {
    "SpawnRate": 0,
    "IsEnabled": true,
    "WorldCooldown": 7000,
    "StallCooldown": 7000,
    "BreedingChance": 20,
    "BreedingCooldown": 6000,
    "GrowingAge": -24000,
    "Parent First": "sludge",
    "Parent Second": "blood"
  },
  "milk": {
    "SpawnRate": 100,
    "IsEnabled": true,
    "WorldCooldown": 4000,
    "StallCooldown": 4000,
    "BreedingChance": 50,
    "BreedingCooldown": 6000,
    "GrowingAge": -24000,
    "Parent First": "",
    "Parent Second": ""
  },
  "clay": {
    "SpawnRate": 0,
    "IsEnabled": true,
    "WorldCooldown": 4000,
    "StallCooldown": 4000,
    "BreedingChance": 50,
    "BreedingCooldown": 6000,
    "GrowingAge": -24000,
    "Parent First": "sand",
    "Parent Second": "water"
  },
  "biomass": {
    "SpawnRate": 0,
    "IsEnabled": true,
    "WorldCooldown": 6000,
    "StallCooldown": 6000,
    "BreedingChance": 30,
    "BreedingCooldown": 6000,
    "GrowingAge": -24000,
    "Parent First": "milk",
    "Parent Second": "water"
  },
  "tin": {
    "SpawnRate": 0,
    "IsEnabled": true,
    "WorldCooldown": 6000,
    "StallCooldown": 6000,
    "BreedingChance": 30,
    "BreedingCooldown": 6000,
    "GrowingAge": -24000,
    "Parent First": "iron",
    "Parent Second": "amber"
  },
  "knightslime": {
    "SpawnRate": 0,
    "IsEnabled": true,
    "WorldCooldown": 8000,
    "StallCooldown": 8000,
    "BreedingChance": 10,
    "BreedingCooldown": 6000,
    "GrowingAge": -24000,
    "Parent First": "stone",
    "Parent Second": "purpleslime"
  },
  "cobalt": {
    "SpawnRate": 0,
    "IsEnabled": true,
    "WorldCooldown": 7000,
    "StallCooldown": 7000,
    "BreedingChance": 20,
    "BreedingCooldown": 6000,
    "GrowingAge": -24000,
    "Parent First": "crystal",
    "Parent Second": "gold"
  },
  "dirt": {
    "SpawnRate": 0,
    "IsEnabled": true,
    "WorldCooldown": 4000,
    "StallCooldown": 4000,
    "BreedingChance": 50,
    "BreedingCooldown": 6000,
    "GrowingAge": -24000,
    "Parent First": "sand",
    "Parent Second": "milk"
  },
  "ardite": {
    "SpawnRate": 0,
    "IsEnabled": true,
    "WorldCooldown": 7000,
    "StallCooldown": 7000,
    "BreedingChance": 20,
    "BreedingCooldown": 6000,
    "GrowingAge": -24000,
    "Parent First": "amber",
    "Parent Second": "gold"
  },
  "manyullyn": {
    "SpawnRate": 0,
    "IsEnabled": true,
    "WorldCooldown": 8000,
    "StallCooldown": 8000,
    "BreedingChance": 10,
    "BreedingCooldown": 6000,
    "GrowingAge": -24000,
    "Parent First": "ardite",
    "Parent Second": "cobalt"
  },
  "blood": {
    "SpawnRate": 0,
    "IsEnabled": true,
    "WorldCooldown": 6000,
    "StallCooldown": 6000,
    "BreedingChance": 30,
    "BreedingCooldown": 6000,
    "GrowingAge": -24000,
    "Parent First": "meat",
    "Parent Second": "lava"
  },
  "bronze": {
    "SpawnRate": 0,
    "IsEnabled": true,
    "WorldCooldown": 6000,
    "StallCooldown": 6000,
    "BreedingChance": 30,
    "BreedingCooldown": 6000,
    "GrowingAge": -24000,
    "Parent First": "gold",
    "Parent Second": "iron"
  },
  "silver": {
    "SpawnRate": 0,
    "IsEnabled": true,
    "WorldCooldown": 6000,
    "StallCooldown": 6000,
    "BreedingChance": 30,
    "BreedingCooldown": 6000,
    "GrowingAge": -24000,
    "Parent First": "iron",
    "Parent Second": "sand"
  },
  "xu_evil_metal": {
    "SpawnRate": 0,
    "IsEnabled": true,
    "WorldCooldown": 8000,
    "StallCooldown": 8000,
    "BreedingChance": 10,
    "BreedingCooldown": 6000,
    "GrowingAge": -24000,
    "Parent First": "iron",
    "Parent Second": "poison"
  },
  "xpjuice": {
    "SpawnRate": 0,
    "IsEnabled": true,
    "WorldCooldown": 7000,
    "StallCooldown": 7000,
    "BreedingChance": 20,
    "BreedingCooldown": 6000,
    "GrowingAge": -24000,
    "Parent First": "gold",
    "Parent Second": "biomass"
  },
  "pigiron": {
    "SpawnRate": 0,
    "IsEnabled": true,
    "WorldCooldown": 6000,
    "StallCooldown": 6000,
    "BreedingChance": 30,
    "BreedingCooldown": 6000,
    "GrowingAge": -24000,
    "Parent First": "iron",
    "Parent Second": "blood"
  },
  "purpleslime": {
    "SpawnRate": 0,
    "IsEnabled": true,
    "WorldCooldown": 6000,
    "StallCooldown": 6000,
    "BreedingChance": 30,
    "BreedingCooldown": 6000,
    "GrowingAge": -24000,
    "Parent First": "sludge",
    "Parent Second": "water"
  },
  "zinc": {
    "SpawnRate": 0,
    "IsEnabled": false,
    "WorldCooldown": 4000,
    "StallCooldown": 4000,
    "BreedingChance": 50,
    "BreedingCooldown": 6000,
    "GrowingAge": -24000,
    "Parent First": "",
    "Parent Second": ""
  },
  "alubrass": {
    "SpawnRate": 0,
    "IsEnabled": false,
    "WorldCooldown": 4000,
    "StallCooldown": 4000,
    "BreedingChance": 50,
    "BreedingCooldown": 6000,
    "GrowingAge": -24000,
    "Parent First": "",
    "Parent Second": ""
  },
  "xu_demonic_metal": {
    "SpawnRate": 0,
    "IsEnabled": true,
    "WorldCooldown": 8000,
    "StallCooldown": 8000,
    "BreedingChance": 10,
    "BreedingCooldown": 6000,
    "GrowingAge": -24000,
    "Parent First": "blood",
    "Parent Second": "xu_evil_metal"
  },
  "brass": {
    "SpawnRate": 0,
    "IsEnabled": false,
    "WorldCooldown": 4000,
    "StallCooldown": 4000,
    "BreedingChance": 50,
    "BreedingCooldown": 6000,
    "GrowingAge": -24000,
    "Parent First": "",
    "Parent Second": ""
  },
  "electrum": {
    "SpawnRate": 0,
    "IsEnabled": false,
    "WorldCooldown": 4000,
    "StallCooldown": 4000,
    "BreedingChance": 50,
    "BreedingCooldown": 6000,
    "GrowingAge": -24000,
    "Parent First": "",
    "Parent Second": ""
  },
  "lead": {
    "SpawnRate": 0,
    "IsEnabled": true,
    "WorldCooldown": 6000,
    "StallCooldown": 6000,
    "BreedingChance": 30,
    "BreedingCooldown": 6000,
    "GrowingAge": -24000,
    "Parent First": "copper",
    "Parent Second": "tin"
  },
  "stone": {
    "SpawnRate": 0,
    "IsEnabled": true,
    "WorldCooldown": 7000,
    "StallCooldown": 7000,
    "BreedingChance": 20,
    "BreedingCooldown": 6000,
    "GrowingAge": -24000,
    "Parent First": "clay",
    "Parent Second": "lava"
  },
  "honey": {
    "SpawnRate": 0,
    "IsEnabled": true,
    "WorldCooldown": 6000,
    "StallCooldown": 6000,
    "BreedingChance": 30,
    "BreedingCooldown": 6000,
    "GrowingAge": -24000,
    "Parent First": "milk",
    "Parent Second": "lava"
  },
  "glass": {
    "SpawnRate": 0,
    "IsEnabled": true,
    "WorldCooldown": 4000,
    "StallCooldown": 4000,
    "BreedingChance": 50,
    "BreedingCooldown": 6000,
    "GrowingAge": -24000,
    "Parent First": "sand",
    "Parent Second": "lava"
  },
  "nickel": {
    "SpawnRate": 0,
    "IsEnabled": true,
    "WorldCooldown": 6000,
    "StallCooldown": 6000,
    "BreedingChance": 30,
    "BreedingCooldown": 6000,
    "GrowingAge": -24000,
    "Parent First": "copper",
    "Parent Second": "tin"
  },
  "copper": {
    "SpawnRate": 0,
    "IsEnabled": true,
    "WorldCooldown": 6000,
    "StallCooldown": 6000,
    "BreedingChance": 30,
    "BreedingCooldown": 6000,
    "GrowingAge": -24000,
    "Parent First": "iron",
    "Parent Second": "amber"
  },
  "hot_spring_water": {
    "SpawnRate": 0,
    "IsEnabled": true,
    "WorldCooldown": 4000,
    "StallCooldown": 4000,
    "BreedingChance": 50,
    "BreedingCooldown": 6000,
    "GrowingAge": -24000,
    "Parent First": "springwater",
    "Parent Second": "lava"
  },
  "crystal": {
    "SpawnRate": 0,
    "IsEnabled": true,
    "WorldCooldown": 7000,
    "StallCooldown": 7000,
    "BreedingChance": 20,
    "BreedingCooldown": 6000,
    "GrowingAge": -24000,
    "Parent First": "intermedium",
    "Parent Second": "obsidian"
  },
  "steel": {
    "SpawnRate": 0,
    "IsEnabled": true,
    "WorldCooldown": 7000,
    "StallCooldown": 7000,
    "BreedingChance": 20,
    "BreedingCooldown": 6000,
    "GrowingAge": -24000,
    "Parent First": "iron",
    "Parent Second": "stone"
  },
  "aluminum": {
    "SpawnRate": 0,
    "IsEnabled": false,
    "WorldCooldown": 4000,
    "StallCooldown": 4000,
    "BreedingChance": 50,
    "BreedingCooldown": 6000,
    "GrowingAge": -24000,
    "Parent First": "",
    "Parent Second": ""
  },
  "blueslime": {
    "SpawnRate": 0,
    "IsEnabled": false,
    "WorldCooldown": 4000,
    "StallCooldown": 4000,
    "BreedingChance": 50,
    "BreedingCooldown": 6000,
    "GrowingAge": -24000,
    "Parent First": "",
    "Parent Second": ""
  },
  "water": {
    "SpawnRate": 100,
    "IsEnabled": true,
    "WorldCooldown": 4000,
    "StallCooldown": 4000,
    "BreedingChance": 50,
    "BreedingCooldown": 6000,
    "GrowingAge": -24000,
    "Parent First": "",
    "Parent Second": ""
  },
  "lava": {
    "SpawnRate": 100,
    "IsEnabled": true,
    "WorldCooldown": 4000,
    "StallCooldown": 4000,
    "BreedingChance": 50,
    "BreedingCooldown": 6000,
    "GrowingAge": -24000,
    "Parent First": "",
    "Parent Second": ""
  },
  "emerald": {
    "SpawnRate": 0,
    "IsEnabled": true,
    "WorldCooldown": 10000,
    "StallCooldown": 10000,
    "BreedingChance": 5,
    "BreedingCooldown": 6000,
    "GrowingAge": -24000,
    "Parent First": "amber",
    "Parent Second": "crystal"
  },
  "gold": {
    "SpawnRate": 0,
    "IsEnabled": true,
    "WorldCooldown": 7000,
    "StallCooldown": 7000,
    "BreedingChance": 20,
    "BreedingCooldown": 6000,
    "GrowingAge": -24000,
    "Parent First": "iron",
    "Parent Second": "sand"
  },
  "molten_reinforced_pink_slime": {
    "SpawnRate": 0,
    "IsEnabled": true,
    "WorldCooldown": 4000,
    "StallCooldown": 4000,
    "BreedingChance": 50,
    "BreedingCooldown": 6000,
    "GrowingAge": -24000,
    "Parent First": "iron",
    "Parent Second": "if.pink_slime"
  },
  "essence": {
    "SpawnRate": 0,
    "IsEnabled": true,
    "WorldCooldown": 7000,
    "StallCooldown": 7000,
    "BreedingChance": 20,
    "BreedingCooldown": 6000,
    "GrowingAge": -24000,
    "Parent First": "gold",
    "Parent Second": "biomass"
  },
  "if.protein": {
    "SpawnRate": 0,
    "IsEnabled": true,
    "WorldCooldown": 6000,
    "StallCooldown": 6000,
    "BreedingChance": 30,
    "BreedingCooldown": 6000,
    "GrowingAge": -24000,
    "Parent First": "meat",
    "Parent Second": "xpjuice"
  },
  "if.ore_fluid_raw": {
    "SpawnRate": 0,
    "IsEnabled": false,
    "WorldCooldown": 4000,
    "StallCooldown": 4000,
    "BreedingChance": 50,
    "BreedingCooldown": 6000,
    "GrowingAge": -24000,
    "Parent First": "",
    "Parent Second": ""
  },
  "sludge": {
    "SpawnRate": 0,
    "IsEnabled": true,
    "WorldCooldown": 6000,
    "StallCooldown": 6000,
    "BreedingChance": 30,
    "BreedingCooldown": 6000,
    "GrowingAge": -24000,
    "Parent First": "sand",
    "Parent Second": "xpjuice"
  },
  "sewage": {
    "SpawnRate": 0,
    "IsEnabled": false,
    "WorldCooldown": 4000,
    "StallCooldown": 4000,
    "BreedingChance": 50,
    "BreedingCooldown": 6000,
    "GrowingAge": -24000,
    "Parent First": "",
    "Parent Second": ""
  },
  "biofuel": {
    "SpawnRate": 0,
    "IsEnabled": true,
    "WorldCooldown": 6000,
    "StallCooldown": 6000,
    "BreedingChance": 30,
    "BreedingCooldown": 6000,
    "GrowingAge": -24000,
    "Parent First": "dirt",
    "Parent Second": "xpjuice"
  },
  "if.ore_fluid_fermented": {
    "SpawnRate": 0,
    "IsEnabled": false,
    "WorldCooldown": 4000,
    "StallCooldown": 4000,
    "BreedingChance": 50,
    "BreedingCooldown": 6000,
    "GrowingAge": -24000,
    "Parent First": "",
    "Parent Second": ""
  },
  "latex": {
    "SpawnRate": 0,
    "IsEnabled": true,
    "WorldCooldown": 6000,
    "StallCooldown": 6000,
    "BreedingChance": 30,
    "BreedingCooldown": 6000,
    "GrowingAge": -24000,
    "Parent First": "clay",
    "Parent Second": "xpjuice"
  },
  "if.pink_slime": {
    "SpawnRate": 0,
    "IsEnabled": true,
    "WorldCooldown": 4000,
    "StallCooldown": 4000,
    "BreedingChance": 50,
    "BreedingCooldown": 6000,
    "GrowingAge": -24000,
    "Parent First": "honey",
    "Parent Second": "purpleslime"
  },
  "meat": {
    "SpawnRate": 0,
    "IsEnabled": true,
    "WorldCooldown": 4000,
    "StallCooldown": 4000,
    "BreedingChance": 50,
    "BreedingCooldown": 6000,
    "GrowingAge": -24000,
    "Parent First": "dirt",
    "Parent Second": "xpjuice"
  },
  "supremium": {
    "SpawnRate": 0,
    "IsEnabled": true,
    "WorldCooldown": 10000,
    "StallCooldown": 10000,
    "BreedingChance": 5,
    "BreedingCooldown": 6000,
    "GrowingAge": -24000,
    "Parent First": "intermedium",
    "Parent Second": "superium"
  },
  "base_essence": {
    "SpawnRate": 0,
    "IsEnabled": true,
    "WorldCooldown": 6000,
    "StallCooldown": 6000,
    "BreedingChance": 30,
    "BreedingCooldown": 6000,
    "GrowingAge": -24000,
    "Parent First": "iron",
    "Parent Second": "xpjuice"
  },
  "superium": {
    "SpawnRate": 0,
    "IsEnabled": true,
    "WorldCooldown": 8000,
    "StallCooldown": 8000,
    "BreedingChance": 10,
    "BreedingCooldown": 6000,
    "GrowingAge": -24000,
    "Parent First": "prudentium",
    "Parent Second": "intermedium"
  },
  "inferium": {
    "SpawnRate": 0,
    "IsEnabled": true,
    "WorldCooldown": 6000,
    "StallCooldown": 6000,
    "BreedingChance": 30,
    "BreedingCooldown": 6000,
    "GrowingAge": -24000,
    "Parent First": "base_essence",
    "Parent Second": "xpjuice"
  },
  "soulium": {
    "SpawnRate": 0,
    "IsEnabled": true,
    "WorldCooldown": 7000,
    "StallCooldown": 7000,
    "BreedingChance": 20,
    "BreedingCooldown": 6000,
    "GrowingAge": -24000,
    "Parent First": "base_essence",
    "Parent Second": "prudentium"
  },
  "prudentium": {
    "SpawnRate": 0,
    "IsEnabled": true,
    "WorldCooldown": 6000,
    "StallCooldown": 6000,
    "BreedingChance": 30,
    "BreedingCooldown": 6000,
    "GrowingAge": -24000,
    "Parent First": "base_essence",
    "Parent Second": "inferium"
  },
  "intermedium": {
    "SpawnRate": 0,
    "IsEnabled": true,
    "WorldCooldown": 7000,
    "StallCooldown": 7000,
    "BreedingChance": 20,
    "BreedingCooldown": 6000,
    "GrowingAge": -24000,
    "Parent First": "inferium",
    "Parent Second": "prudentium"
  },
  "springwater": {
    "SpawnRate": 0,
    "IsEnabled": true,
    "WorldCooldown": 4000,
    "StallCooldown": 4000,
    "BreedingChance": 50,
    "BreedingCooldown": 6000,
    "GrowingAge": -24000,
    "Parent First": "water",
    "Parent Second": "water"
  },
  "iridium": {
    "SpawnRate": 0,
    "IsEnabled": true,
    "WorldCooldown": 7000,
    "StallCooldown": 7000,
    "BreedingChance": 20,
    "BreedingCooldown": 6000,
    "GrowingAge": -24000,
    "Parent First": "osmium",
    "Parent Second": "xpjuice"
  },
  "elementium": {
    "SpawnRate": 0,
    "IsEnabled": true,
    "WorldCooldown": 7000,
    "StallCooldown": 7000,
    "BreedingChance": 20,
    "BreedingCooldown": 6000,
    "GrowingAge": -24000,
    "Parent First": "xu_enchanted_metal",
    "Parent Second": "manasteel"
  },
  "infinity": {
    "SpawnRate": 0,
    "IsEnabled": true,
    "WorldCooldown": 12500,
    "StallCooldown": 12500,
    "BreedingChance": 1,
    "BreedingCooldown": 6000,
    "GrowingAge": -24000,
    "Parent First": "mirion",
    "Parent Second": "supremium"
  },
  "alumite": {
    "SpawnRate": 0,
    "IsEnabled": true,
    "WorldCooldown": 8000,
    "StallCooldown": 8000,
    "BreedingChance": 10,
    "BreedingCooldown": 6000,
    "GrowingAge": -24000,
    "Parent First": "iron",
    "Parent Second": "obsidian"
  },
  "terrasteel": {
    "SpawnRate": 0,
    "IsEnabled": true,
    "WorldCooldown": 10000,
    "StallCooldown": 10000,
    "BreedingChance": 5,
    "BreedingCooldown": 6000,
    "GrowingAge": -24000,
    "Parent First": "manasteel",
    "Parent Second": "elementium"
  },
  "invar": {
    "SpawnRate": 0,
    "IsEnabled": true,
    "WorldCooldown": 6000,
    "StallCooldown": 6000,
    "BreedingChance": 30,
    "BreedingCooldown": 6000,
    "GrowingAge": -24000,
    "Parent First": "silver",
    "Parent Second": "iron"
  },
  "manasteel": {
    "SpawnRate": 0,
    "IsEnabled": true,
    "WorldCooldown": 6000,
    "StallCooldown": 6000,
    "BreedingChance": 30,
    "BreedingCooldown": 6000,
    "GrowingAge": -24000,
    "Parent First": "base_essence",
    "Parent Second": "xu_enchanted_metal"
  },
  "mirion": {
    "SpawnRate": 0,
    "IsEnabled": true,
    "WorldCooldown": 11250,
    "StallCooldown": 11250,
    "BreedingChance": 2,
    "BreedingCooldown": 6000,
    "GrowingAge": -24000,
    "Parent First": "dragonsteel_ice",
    "Parent Second": "dragonsteel_fire"
  },
  "dragonsteel_ice": {
    "SpawnRate": 0,
    "IsEnabled": true,
    "WorldCooldown": 10000,
    "StallCooldown": 10000,
    "BreedingChance": 5,
    "BreedingCooldown": 6000,
    "GrowingAge": -24000,
    "Parent First": "terrasteel",
    "Parent Second": "water"
  },
  "dragonsteel_fire": {
    "SpawnRate": 0,
    "IsEnabled": true,
    "WorldCooldown": 10000,
    "StallCooldown": 10000,
    "BreedingChance": 5,
    "BreedingCooldown": 6000,
    "GrowingAge": -24000,
    "Parent First": "terrasteel",
    "Parent Second": "lava"
  },
  "titanium": {
    "SpawnRate": 0,
    "IsEnabled": true,
    "WorldCooldown": 7000,
    "StallCooldown": 7000,
    "BreedingChance": 20,
    "BreedingCooldown": 6000,
    "GrowingAge": -24000,
    "Parent First": "palladium",
    "Parent Second": "silver"
  },
  "adamantium": {
    "SpawnRate": 0,
    "IsEnabled": true,
    "WorldCooldown": 6000,
    "StallCooldown": 6000,
    "BreedingChance": 30,
    "BreedingCooldown": 6000,
    "GrowingAge": -24000,
    "Parent First": "steel",
    "Parent Second": "intertium"
  },
  "palladium": {
    "SpawnRate": 0,
    "IsEnabled": true,
    "WorldCooldown": 6000,
    "StallCooldown": 6000,
    "BreedingChance": 30,
    "BreedingCooldown": 6000,
    "GrowingAge": -24000,
    "Parent First": "silver",
    "Parent Second": "lead"
  },
  "super_soldier_serum": {
    "SpawnRate": 0,
    "IsEnabled": false,
    "WorldCooldown": 4000,
    "StallCooldown": 4000,
    "BreedingChance": 50,
    "BreedingCooldown": 6000,
    "GrowingAge": -24000,
    "Parent First": "",
    "Parent Second": ""
  },
  "radioactive_acid": {
    "SpawnRate": 0,
    "IsEnabled": false,
    "WorldCooldown": 4000,
    "StallCooldown": 4000,
    "BreedingChance": 50,
    "BreedingCooldown": 6000,
    "GrowingAge": -24000,
    "Parent First": "",
    "Parent Second": ""
  },
  "uranium": {
    "SpawnRate": 0,
    "IsEnabled": false,
    "WorldCooldown": 4000,
    "StallCooldown": 4000,
    "BreedingChance": 50,
    "BreedingCooldown": 6000,
    "GrowingAge": -24000,
    "Parent First": "",
    "Parent Second": ""
  },
  "dwarfstaralloy": {
    "SpawnRate": 0,
    "IsEnabled": true,
    "WorldCooldown": 8000,
    "StallCooldown": 8000,
    "BreedingChance": 10,
    "BreedingCooldown": 6000,
    "GrowingAge": -24000,
    "Parent First": "vibranium",
    "Parent Second": "titanium"
  },
  "osmium": {
    "SpawnRate": 0,
    "IsEnabled": true,
    "WorldCooldown": 6000,
    "StallCooldown": 6000,
    "BreedingChance": 30,
    "BreedingCooldown": 6000,
    "GrowingAge": -24000,
    "Parent First": "palladium",
    "Parent Second": "lead"
  },
  "uru": {
    "SpawnRate": 0,
    "IsEnabled": true,
    "WorldCooldown": 8000,
    "StallCooldown": 8000,
    "BreedingChance": 10,
    "BreedingCooldown": 6000,
    "GrowingAge": -24000,
    "Parent First": "vibranium",
    "Parent Second": "dwarfstaralloy"
  },
  "vibranium": {
    "SpawnRate": 0,
    "IsEnabled": true,
    "WorldCooldown": 8000,
    "StallCooldown": 8000,
    "BreedingChance": 10,
    "BreedingCooldown": 6000,
    "GrowingAge": -24000,
    "Parent First": "titanium",
    "Parent Second": "xpjuice"
  },
  "goldtitaniumalloy": {
    "SpawnRate": 0,
    "IsEnabled": true,
    "WorldCooldown": 8000,
    "StallCooldown": 8000,
    "BreedingChance": 10,
    "BreedingCooldown": 6000,
    "GrowingAge": -24000,
    "Parent First": "titanium",
    "Parent Second": "gold"
  },
  "intertium": {
    "SpawnRate": 0,
    "IsEnabled": true,
    "WorldCooldown": 7000,
    "StallCooldown": 7000,
    "BreedingChance": 20,
    "BreedingCooldown": 6000,
    "GrowingAge": -24000,
    "Parent First": "osmium",
    "Parent Second": "iron"
  },
  "web_fluid": {
    "SpawnRate": 0,
    "IsEnabled": true,
    "WorldCooldown": 7000,
    "StallCooldown": 7000,
    "BreedingChance": 20,
    "BreedingCooldown": 6000,
    "GrowingAge": -24000,
    "Parent First": "water",
    "Parent Second": "milk"
  },
  "redstone_alloy": {
    "SpawnRate": 100,
    "IsEnabled": false,
    "WorldCooldown": 4000,
    "StallCooldown": 4000,
    "BreedingChance": 50,
    "BreedingCooldown": 6000,
    "GrowingAge": -24000,
    "Parent First": "",
    "Parent Second": ""
  },
  "construction_alloy": {
    "SpawnRate": 100,
    "IsEnabled": false,
    "WorldCooldown": 4000,
    "StallCooldown": 4000,
    "BreedingChance": 50,
    "BreedingCooldown": 6000,
    "GrowingAge": -24000,
    "Parent First": "",
    "Parent Second": ""
  },
  "desh": {
    "SpawnRate": 100,
    "IsEnabled": false,
    "WorldCooldown": 4000,
    "StallCooldown": 4000,
    "BreedingChance": 50,
    "BreedingCooldown": 6000,
    "GrowingAge": -24000,
    "Parent First": "",
    "Parent Second": ""
  },
  "lifeessence": {
    "SpawnRate": 100,
    "IsEnabled": false,
    "WorldCooldown": 4000,
    "StallCooldown": 4000,
    "BreedingChance": 50,
    "BreedingCooldown": 6000,
    "GrowingAge": -24000,
    "Parent First": "",
    "Parent Second": ""
  },
  "cloud_seed": {
    "SpawnRate": 100,
    "IsEnabled": false,
    "WorldCooldown": 4000,
    "StallCooldown": 4000,
    "BreedingChance": 50,
    "BreedingCooldown": 6000,
    "GrowingAge": -24000,
    "Parent First": "",
    "Parent Second": ""
  },
  "pulsating_iron": {
    "SpawnRate": 100,
    "IsEnabled": false,
    "WorldCooldown": 4000,
    "StallCooldown": 4000,
    "BreedingChance": 50,
    "BreedingCooldown": 6000,
    "GrowingAge": -24000,
    "Parent First": "",
    "Parent Second": ""
  },
  "vibrant_alloy": {
    "SpawnRate": 100,
    "IsEnabled": false,
    "WorldCooldown": 4000,
    "StallCooldown": 4000,
    "BreedingChance": 50,
    "BreedingCooldown": 6000,
    "GrowingAge": -24000,
    "Parent First": "",
    "Parent Second": ""
  },
  "dark_steel": {
    "SpawnRate": 100,
    "IsEnabled": false,
    "WorldCooldown": 4000,
    "StallCooldown": 4000,
    "BreedingChance": 50,
    "BreedingCooldown": 6000,
    "GrowingAge": -24000,
    "Parent First": "",
    "Parent Second": ""
  },
  "rocket_fuel": {
    "SpawnRate": 100,
    "IsEnabled": false,
    "WorldCooldown": 4000,
    "StallCooldown": 4000,
    "BreedingChance": 50,
    "BreedingCooldown": 6000,
    "GrowingAge": -24000,
    "Parent First": "",
    "Parent Second": ""
  },
  "sulphuricacid": {
    "SpawnRate": 100,
    "IsEnabled": false,
    "WorldCooldown": 4000,
    "StallCooldown": 4000,
    "BreedingChance": 50,
    "BreedingCooldown": 6000,
    "GrowingAge": -24000,
    "Parent First": "",
    "Parent Second": ""
  },
  "end_steel": {
    "SpawnRate": 100,
    "IsEnabled": false,
    "WorldCooldown": 4000,
    "StallCooldown": 4000,
    "BreedingChance": 50,
    "BreedingCooldown": 6000,
    "GrowingAge": -24000,
    "Parent First": "",
    "Parent Second": ""
  },
  "liquid_sunshine": {
    "SpawnRate": 100,
    "IsEnabled": false,
    "WorldCooldown": 4000,
    "StallCooldown": 4000,
    "BreedingChance": 50,
    "BreedingCooldown": 6000,
    "GrowingAge": -24000,
    "Parent First": "",
    "Parent Second": ""
  },
  "bacterialsludge": {
    "SpawnRate": 100,
    "IsEnabled": false,
    "WorldCooldown": 4000,
    "StallCooldown": 4000,
    "BreedingChance": 50,
    "BreedingCooldown": 6000,
    "GrowingAge": -24000,
    "Parent First": "",
    "Parent Second": ""
  },
  "ender_distillation": {
    "SpawnRate": 100,
    "IsEnabled": false,
    "WorldCooldown": 4000,
    "StallCooldown": 4000,
    "BreedingChance": 50,
    "BreedingCooldown": 6000,
    "GrowingAge": -24000,
    "Parent First": "",
    "Parent Second": ""
  },
  "fire_water": {
    "SpawnRate": 100,
    "IsEnabled": false,
    "WorldCooldown": 4000,
    "StallCooldown": 4000,
    "BreedingChance": 50,
    "BreedingCooldown": 6000,
    "GrowingAge": -24000,
    "Parent First": "",
    "Parent Second": ""
  },
  "glowstone": {
    "SpawnRate": 100,
    "IsEnabled": false,
    "WorldCooldown": 4000,
    "StallCooldown": 4000,
    "BreedingChance": 50,
    "BreedingCooldown": 6000,
    "GrowingAge": -24000,
    "Parent First": "",
    "Parent Second": ""
  },
  "fuel": {
    "SpawnRate": 100,
    "IsEnabled": false,
    "WorldCooldown": 4000,
    "StallCooldown": 4000,
    "BreedingChance": 50,
    "BreedingCooldown": 6000,
    "GrowingAge": -24000,
    "Parent First": "",
    "Parent Second": ""
  },
  "oil": {
    "SpawnRate": 100,
    "IsEnabled": false,
    "WorldCooldown": 4000,
    "StallCooldown": 4000,
    "BreedingChance": 50,
    "BreedingCooldown": 6000,
    "GrowingAge": -24000,
    "Parent First": "",
    "Parent Second": ""
  },
  "nutrient_distillation": {
    "SpawnRate": 100,
    "IsEnabled": false,
    "WorldCooldown": 4000,
    "StallCooldown": 4000,
    "BreedingChance": 50,
    "BreedingCooldown": 6000,
    "GrowingAge": -24000,
    "Parent First": "",
    "Parent Second": ""
  },
  "soularium": {
    "SpawnRate": 100,
    "IsEnabled": false,
    "WorldCooldown": 4000,
    "StallCooldown": 4000,
    "BreedingChance": 50,
    "BreedingCooldown": 6000,
    "GrowingAge": -24000,
    "Parent First": "",
    "Parent Second": ""
  },
  "redstone": {
    "SpawnRate": 100,
    "IsEnabled": false,
    "WorldCooldown": 4000,
    "StallCooldown": 4000,
    "BreedingChance": 50,
    "BreedingCooldown": 6000,
    "GrowingAge": -24000,
    "Parent First": "",
    "Parent Second": ""
  },
  "cloud_seed_concentrated": {
    "SpawnRate": 100,
    "IsEnabled": false,
    "WorldCooldown": 4000,
    "StallCooldown": 4000,
    "BreedingChance": 50,
    "BreedingCooldown": 6000,
    "GrowingAge": -24000,
    "Parent First": "",
    "Parent Second": ""
  },
  "ender": {
    "SpawnRate": 100,
    "IsEnabled": false,
    "WorldCooldown": 4000,
    "StallCooldown": 4000,
    "BreedingChance": 50,
    "BreedingCooldown": 6000,
    "GrowingAge": -24000,
    "Parent First": "",
    "Parent Second": ""
  },
  "hootch": {
    "SpawnRate": 100,
    "IsEnabled": false,
    "WorldCooldown": 4000,
    "StallCooldown": 4000,
    "BreedingChance": 50,
    "BreedingCooldown": 6000,
    "GrowingAge": -24000,
    "Parent First": "",
    "Parent Second": ""
  },
  "conductive_iron": {
    "SpawnRate": 100,
    "IsEnabled": false,
    "WorldCooldown": 4000,
    "StallCooldown": 4000,
    "BreedingChance": 50,
    "BreedingCooldown": 6000,
    "GrowingAge": -24000,
    "Parent First": "",
    "Parent Second": ""
  },
  "energetic_alloy": {
    "SpawnRate": 100,
    "IsEnabled": false,
    "WorldCooldown": 4000,
    "StallCooldown": 4000,
    "BreedingChance": 50,
    "BreedingCooldown": 6000,
    "GrowingAge": -24000,
    "Parent First": "",
    "Parent Second": ""
  },
  "vapor_of_levity": {
    "SpawnRate": 100,
    "IsEnabled": false,
    "WorldCooldown": 4000,
    "StallCooldown": 4000,
    "BreedingChance": 50,
    "BreedingCooldown": 6000,
    "GrowingAge": -24000,
    "Parent First": "",
    "Parent Second": ""
  },
  "electrical_steel": {
    "SpawnRate": 100,
    "IsEnabled": false,
    "WorldCooldown": 4000,
    "StallCooldown": 4000,
    "BreedingChance": 50,
    "BreedingCooldown": 6000,
    "GrowingAge": -24000,
    "Parent First": "",
    "Parent Second": ""
  },
  "fiery_essence": {
    "SpawnRate": 100,
    "IsEnabled": false,
    "WorldCooldown": 4000,
    "StallCooldown": 4000,
    "BreedingChance": 50,
    "BreedingCooldown": 6000,
    "GrowingAge": -24000,
    "Parent First": "",
    "Parent Second": ""
  },
  "knightmetal": {
    "SpawnRate": 100,
    "IsEnabled": false,
    "WorldCooldown": 4000,
    "StallCooldown": 4000,
    "BreedingChance": 50,
    "BreedingCooldown": 6000,
    "GrowingAge": -24000,
    "Parent First": "",
    "Parent Second": ""
  },
  "fierymetal": {
    "SpawnRate": 100,
    "IsEnabled": false,
    "WorldCooldown": 4000,
    "StallCooldown": 4000,
    "BreedingChance": 50,
    "BreedingCooldown": 6000,
    "GrowingAge": -24000,
    "Parent First": "",
    "Parent Second": ""
  }
}