{
  "Comment": "This file is for enabling and disabling rewards globally for all users! This cannot be reversed without a mod reload! Reward Profiles are the suggested method over this. This is basically a do all be all override.",
  "Comment2": "Note: Even if a reward is marked true here, does not mean its fully enabled. Rewards like clear inventory are disabled via default profiles!",
  "rewards": {
    "chancecubes:anti_slab": true,
    "chancecubes:bedrock": true,
    "chancecubes:roosevelts_stick": true,
    "chancecubes:bookshelves": true,
    "chancecubes:carpet": true,
    "chancecubes:cave_spider_web": true,
    "chancecubes:chance_cube_cube": true,
    "chancecubes:chat_message": true,
    "chancecubes:d-rude_sandstorm": true,
    "chancecubes:divine_boots": true,
    "chancecubes:divine_chestplate": true,
    "chancecubes:divine_sword": true,
    "chancecubes:divine_leggings": true,
    "chancecubes:enchanting": true,
    "chancecubes:exp": true,
    "chancecubes:exp_shower": true,
    "chancecubes:explorer": true,
    "chancecubes:explosion": true,
    "chancecubes:farmer": true,
    "chancecubes:fighter": true,
    "chancecubes:guardians": true,
    "chancecubes:giant_chance_cube": true,
    "chancecubes:giga_breaker": true,
    "chancecubes:half_fishing_rod": true,
    "chancecubes:have_another": true,
    "chancecubes:hearts": true,
    "chancecubes:help_me": true,
    "chancecubes:horde": true,
    "chancecubes:hot_tub": true,
    "chancecubes:ice_cold": true,
    "chancecubes:icosahedron": true,
    "chancecubes:finding_marlin": true,
    "chancecubes:mitas": true,
    "chancecubes:finding_nemo": true,
    "chancecubes:nether_star": true,
    "chancecubes:notch": true,
    "chancecubes:one_shot": true,
    "chancecubes:ores_galore": true,
    "chancecubes:poison": true,
    "chancecubes:pssst": true,
    "chancecubes:rancher": true,
    "chancecubes:redstone_diamond": true,
    "chancecubes:saplings": true,
    "chancecubes:sethbling_reward": true,
    "chancecubes:squid_horde": true,
    "chancecubes:string": true,
    "chancecubes:take_this": true,
    "chancecubes:tnt_structure": true,
    "chancecubes:watch_world_burn": true,
    "chancecubes:fire_aspect_fire": true,
    "chancecubes:wither_status_effect": true,
    "chancecubes:wool": true,
    "chancecubes:lava_ring": true,
    "chancecubes:rain": true,
    "chancecubes:silverfish_surround": true,
    "chancecubes:fish_dog": true,
    "chancecubes:bone_cat": true,
    "chancecubes:xp_crystal": true,
    "chancecubes:tnt_cat": true,
    "chancecubes:slime_man": true,
    "chancecubes:sail_away": true,
    "chancecubes:witch": true,
    "chancecubes:spawn_cluckington": true,
    "chancecubes:spawn_jerry": true,
    "chancecubes:spawn_glenn": true,
    "chancecubes:spawn_dr_trayaurus": true,
    "chancecubes:spawn_pickles": true,
    "chancecubes:want_to_build_a_snowman": true,
    "chancecubes:diamond_block": true,
    "chancecubes:tnt_diamond": true,
    "chancecubes:fake_tnt": true,
    "chancecubes:invisible_ghasts": true,
    "chancecubes:no": true,
    "chancecubes:invisible_creeper": true,
    "chancecubes:knockback_zombie": true,
    "chancecubes:actual_invisible_ghast": true,
    "chancecubes:fireworks": true,
    "chancecubes:tnt_bats": true,
    "chancecubes:nether_jelly_fish": true,
    "chancecubes:pig_of_destiny": true,
    "chancecubes:diy_pie": true,
    "chancecubes:coal_to_diamonds": true,
    "chancecubes:spongebob_squarepants": true,
    "chancecubes:quidditch": true,
    "chancecubes:one_man_army": true,
    "chancecubes:cuteness": true,
    "chancecubes:silvermite_stacks": true,
    "chancecubes:invizible_silverfish": true,
    "chancecubes:arrow_trap": true,
    "chancecubes:trampoline": true,
    "chancecubes:skeleton_bats": true,
    "chancecubes:cookie_monster": true,
    "chancecubes:path_to_succeed": true,
    "chancecubes:beacon_build": true,
    "chancecubes:half_heart": true,
    "chancecubes:no_exp": true,
    "chancecubes:smite": true,
    "chancecubes:cookie-splosion": true,
    "chancecubes:random_status_effect": true,
    "chancecubes:arrow_spray": true,
    "chancecubes:lingering_potions_ring": true,
    "chancecubes:charged_creeper": true,
    "chancecubes:disco": true,
    "chancecubes:ender_crystal_timer": true,
    "chancecubes:5_prongs": true,
    "chancecubes:inventory_bomb": true,
    "chancecubes:nuke": true,
    "chancecubes:random_teleport": true,
    "chancecubes:rotten_food": true,
    "chancecubes:thrown_in_air": true,
    "chancecubes:torches_to_creepers": true,
    "chancecubes:traveller": true,
    "chancecubes:troll_hole": true,
    "chancecubes:saw_nothing_diamond": true,
    "chancecubes:hand_enchant": true,
    "chancecubes:anvil_rain": true,
    "chancecubes:herobrine": true,
    "chancecubes:surrounded": true,
    "chancecubes:surrounded_creeper": true,
    "chancecubes:wither": true,
    "chancecubes:troll_tnt": true,
    "chancecubes:wait_for_it": true,
    "chancecubes:clear_inventory": true,
    "chancecubes:item_of_destiny": true,
    "chancecubes:juke_box": true,
    "chancecubes:book_of_memes": true,
    "chancecubes:table_flip": true,
    "chancecubes:maze": true,
    "chancecubes:one_is_lucky": true,
    "chancecubes:sky_block": true,
    "chancecubes:cake": true,
    "chancecubes:item_rename": true,
    "chancecubes:double_rainbow": true,
    "chancecubes:wolves_to_creepers": true,
    "chancecubes:did_you_know": true,
    "chancecubes:armor_stand_armor": true,
    "chancecubes:cats_and_dogs": true,
    "chancecubes:item_chest": true,
    "chancecubes:magic_feet": true,
    "chancecubes:dig_build": true,
    "chancecubes:cube_rename": true,
    "chancecubes:countdown": true,
    "chancecubes:mob_tower": true,
    "chancecubes:monty_hall": true,
    "chancecubes:matching": true,
    "chancecubes:tic_tac_toe": true,
    "chancecubes:boss_mimic": true,
    "chancecubes:boss_evil_witch": true,
    "chancecubes:boss_demonic_blaze": true,
    "chancecubes:math": true,
    "chancecubes:question": true,
    "chancecubes:heads_or_tails": true,
    "chancecubes:village": true,
    "chancecubes:woodland_mansion": true,
    "chancecubes:biodome": true,
    "chancecubes:tnt_throw": true,
    "chancecubes:throwables": true,
    "chancecubes:ore_pillars": true,
    "chancecubes:chuck_reverse": true,
    "chancecubes:floor_is_lava": true,
    "chancecubes:chunk_flip": true,
    "chancecubes:ore_sphere": true,
    "chancecubes:raining_potions": true,
    "chancecubes:fluid_sphere": true,
    "chancecubes:mixed_fluid_sphere": true,
    "chancecubes:firework_show": true,
    "chancecubes:sphere_snake": true,
    "chancecubes:random_explosion": true,
    "chancecubes:beacon_arena": true,
    "chancecubes:world_infection": true,
    "chancecubes:block_thrower": true,
    "extrautils2:pink_generator": true,
    "extrautils2:watering_can": true,
    "extrautils2:water_drum": true,
    "extrautils2:biome_marker": true,
    "extrautils2:snow_globe": true,
    "extrautils2:sun_crystal": true,
    "extrautils2:ender_porcupine": true,
    "extrautils2:klein_bottle": true,
    "extrautils2:mini_chest": true,
    "extrautils2:golden_bag": true,
    "extrautils2:ender_lilly": true,
    "extrautils2:compressed_cobble": true,
    "extrautils2:compressed_netherrack": true,
    "extrautils2:compressed_dirt": true,
    "extrautils2:compressed_gravel": true,
    "extrautils2:compressed_sand": true,
    "extrautils2:rainbow_stone": true,
    "extrautils2:spikes": true,
    "extrautils2:cursed": true
  }
}